Workbook

Sheet Bảng tra cứu hoa hồng
A1: Mã môi giới | B1: Tên đối tác môi giới | C1: Phần trăm hoa hồng
A2: BRK-101 | B2: Bất Động Sản Đất Việt | C2: 0.03
A3: BRK-102 | B3: Môi Giới Nhà Phố Sài Gòn | C3: 0.025
A4: BRK-103 | B4: Công ty Địa Ốc Nam Long | C4: 0.035
A5: BRK-104 | B5: Sàn Giao Dịch Hưng Thịnh | C5: 0.02
A6: BRK-105 | B6: Môi Giới Tự Do - Nguyễn Văn A | C6: 0.04

Sheet Danh sách nhà đất
A1: STT | B1: Mã bất động sản | C1: Loại hình | D1: Raw_Mã môi giới | E1: Giá niêm yết_VND | F1: Tỷ lệ chiết khấu | G1: Giá thuê sau_CK_VND | H1: Phan_Tram_Hoa_Hong | I1: Tien_Hoa_Hong_VND
A2: 1 | B2: SH-001 | C2: Căn hộ chung cư | D2: BRK-101 | E2: 15000000 | F2: 0.05 | G2: =E2*(1-F2) -> 14250000 | H2: =IFERROR(VLOOKUP(TRIM(D2), 'Bảng tra cứu hoa hồng'!$A$2:$C$6, 3, FALSE), 0) -> 0.03 | I2: =G2*H2 -> 427500
A3: 2 | B3: SH-002 | C3: Nhà phố nguyên căn | D3: BRK-102 | E3: 28000000 | F3: 0.1 | G3: =E3*(1-F3) -> 25200000 | H3: =IFERROR(VLOOKUP(TRIM(D3), 'Bảng tra cứu hoa hồng'!$A$2:$C$6, 3, FALSE), 0) -> 0.025 | I3: =G3*H3 -> 630000
A4: 3 | B4: SH-003 | C4: Biệt thự sân vườn | D4: BRK-103 | E4: 65000000 | F4: 0.08 | G4: =E4*(1-F4) -> 59800000 | H4: =IFERROR(VLOOKUP(TRIM(D4), 'Bảng tra cứu hoa hồng'!$A$2:$C$6, 3, FALSE), 0) -> 0.035 | I4: =G4*H4 -> 2093000
A5: 4 | B5: SH-004 | C5: Mặt bằng kinh doanh | D5: BRK-999 | E5: 40000000 | F5: 0 | G5: =E5*(1-F5) -> 40000000 | H5: =IFERROR(VLOOKUP(TRIM(D5), 'Bảng tra cứu hoa hồng'!$A$2:$C$6, 3, FALSE), 0) -> 0 | I5: =G5*H5 -> 0
A6: 5 | B6: SH-005 | C6: Căn hộ Studio | D6: BRK-104 | E6: 9500000 | F6: 0.05 | G6: =E6*(1-F6) -> 9025000 | H6: =IFERROR(VLOOKUP(TRIM(D6), 'Bảng tra cứu hoa hồng'!$A$2:$C$6, 3, FALSE), 0) -> 0.02 | I6: =G6*H6 -> 180500
A7: 6 | B7: SH-006 | C7: Nhà hẻm xe hơi | D7: BRK-105 | E7: 18000000 | F7: 0 | G7: =E7*(1-F7) -> 18000000 | H7: =IFERROR(VLOOKUP(TRIM(D7), 'Bảng tra cứu hoa hồng'!$A$2:$C$6, 3, FALSE), 0) -> 0.04 | I7: =G7*H7 -> 720000
A8: 7 | B8: SH-007 | C8: Căn hộ Penthouse | D8: BRK-101 | E8: 80000000 | F8: 0.12 | G8: =E8*(1-F8) -> 70400000 | H8: =IFERROR(VLOOKUP(TRIM(D8), 'Bảng tra cứu hoa hồng'!$A$2:$C$6, 3, FALSE), 0) -> 0.03 | I8: =G8*H8 -> 2112000
A9: TỔNG CỘNG | E9: =SUM(E2:E8) -> 255500000 | G9: =SUM(G2:G8) -> 236675000 | I9: =SUM(I2:I8) -> 6163000
